use Test_DWH_Ilnur;
GO

insert into klienti (customer_id, subname, name, phone_number, city, Registrated_date) values
('CUS665', 'Михайлов', 'Мария', '+72164310637', 'Новгород', '2025-12-25'),
('CUS193', 'Михайлов', 'Александр', '+75776716737', 'Волгоград', '2023-01-15'),
('CUS298', 'Иванов', 'Ольга', '+79408792387', 'Казань', '2025-03-17'),
('CUS959', 'Михайлов', 'Александр', '+71484281815', 'Волгоград', '2025-07-19'),
('CUS747', 'Смирнов', 'Петр', '+78112903780', 'Новгород', '2023-09-08'),
('CUS591', 'Михайлов', 'Мария', '+71094241899', 'Волгоград', '2023-01-15'),
('CUS938', 'Михайлов', 'Александр', '+77478718567', 'Нижний Новгород', '2023-09-08'),
('CUS231', 'Смирнов', 'Ольга', '+79903363079', 'Санкт-Петербург', '2024-10-05'),
('CUS314', 'Соколов', 'Петр', '+78746951679', 'Москва', '2024-10-05'),
('CUS720', 'Михайлов', 'Анна', '+78786775155', 'Нижний Новгород', '2023-05-22'),
('CUS855', 'Михайлов', 'Ольга', '+74210295981', 'Саратов', '2024-10-05'),
('CUS920', 'Петров', 'Ольга', '+79024092127', 'Самара', '2025-03-17'),
('CUS302', 'Федоров', 'Алексей', '+72404969652', 'Нижний Новгород', '2025-03-17'),
('CUS271', 'Кузнецов', 'Елена', '+78615077325', 'Казань', '2025-07-19'),
('CUS997', 'Смирнов', 'Иван', '+75113268961', 'Саратов', '2024-10-05'),
('CUS289', 'Кузнецов', 'Ольга', '+73650640478', 'Пермь', '2023-05-22'),
('CUS742', 'Васильев', 'Александр', '+73299281735', 'Санкт-Петербург', '2025-03-17'),
('CUS592', 'Соколов', 'Александр', '+72119309438', 'Москва', '2023-05-22'),
('CUS659', 'Кузнецов', 'Алексей', '+75190900206', 'Пермь', '2025-07-19'),
('CUS869', 'Попов', 'Александр', '+72077202234', 'Казань', '2025-07-19'),
('CUS825', 'Смирнов', 'Сергей', '+73414378683', 'Саратов', '2025-08-15'),
('CUS106', 'Васильев', 'Елена', '+79814703589', 'Новгород', '2025-03-17'),
('CUS495', 'Михайлов', 'Марина', '+78188495143', 'Саратов', '2025-03-17'),
('CUS504', 'Федоров', 'Мария', '+76791015541', 'Пермь', '2023-09-08'),
('CUS119', 'Васильев', 'Анна', '+75118634682', 'Самара', '2024-02-14'),
('CUS292', 'Иванов', 'Ольга', '+71881076557', 'Нижний Новгород', '2025-07-19'),
('CUS114', 'Попов', 'Алексей', '+74159163769', 'Нижний Новгород', '2025-07-19'),
('CUS687', 'Федоров', 'Марина', '+78625599799', 'Казань', '2025-12-25'),
('CUS319', 'Петров', 'Александр', '+71357700715', 'Пермь', '2025-03-17'),
('CUS312', 'Кузнецов', 'Ольга', '+74160235144', 'Санкт-Петербург', '2023-09-08'),
('CUS155', 'Васильев', 'Анна', '+71847296928', 'Воронеж', '2023-09-08'),
('CUS577', 'Попов', 'Алексей', '+78075434550', 'Пермь', '2025-08-15'),
('CUS820', 'Попов', 'Алексей', '+71695734115', 'Воронеж', '2024-06-30'),
('CUS172', 'Смирнов', 'Иван', '+75793676631', 'Волгоград', '2023-05-22'),
('CUS741', 'Попов', 'Марина', '+73508898774', 'Пермь', '2024-10-05'),
('CUS868', 'Федоров', 'Иван', '+74522006526', 'Нижний Новгород', '2024-06-30'),
('CUS520', 'Попов', 'Петр', '+72630246482', 'Нижний Новгород', '2024-02-14'),
('CUS690', 'Петров', 'Мария', '+77362512401', 'Саратов', '2024-10-05'),
('CUS280', 'Иванов', 'Иван', '+75767256223', 'Самара', '2025-08-15'),
('CUS636', 'Васильев', 'Александр', '+79568075935', 'Воронеж', '2023-09-08'),
('CUS104', 'Новиков', 'Иван', '+72903382454', 'Саратов', '2025-12-25'),
('CUS165', 'Соколов', 'Александр', '+74294109717', 'Волгоград', '2025-07-19'),
('CUS336', 'Петров', 'Анна', '+76620832743', 'Самара', '2023-05-22'),
('CUS373', 'Михайлов', 'Алексей', '+75035446815', 'Новгород', '2023-09-08'),
('CUS885', 'Петров', 'Сергей', '+71621072535', 'Москва', '2025-12-25'),
('CUS691', 'Новиков', 'Анна', '+74855546192', 'Нижний Новгород', '2023-09-08'),
('CUS782', 'Соколов', 'Иван', '+79731586728', 'Москва', '2024-10-05'),
('CUS845', 'Федоров', 'Петр', '+72827663861', 'Пермь', '2023-05-22'),
('CUS748', 'Новиков', 'Елена', '+76099355289', 'Нижний Новгород', '2023-01-15'),
('CUS650', 'Соколов', 'Анна', '+76580342384', 'Новгород', '2023-09-08');

insert into tovari (product_id, name, Description, price, weight, created_at) values
('PRC970', 'Картофель', 'Белорусский картофель 1 кг', 666, NULL, CONVERT(datetime, '2024-09-12 12:30:00', 120)),
('PRC850', 'Молоко', 'Сельское молоко 460 мл', 346, NULL, CONVERT(datetime, '2023-10-15 15:00:00', 120)),
('PRC730', 'Сок', 'Добрый 1 л', 101, NULL, CONVERT(datetime, '2023-02-10 09:30:00', 120)),
('PRC982', 'Мороженое', 'Ваниль 130 г', 578, NULL, CONVERT(datetime, '2024-04-18 08:00:00', 120)),
('PRC200', 'Виноград', 'Краснодарский 1.5 кг', 828, NULL, CONVERT(datetime, '2023-10-15 15:00:00', 120)),
('PRC450', 'Мороженое', NULL, 741, NULL, CONVERT(datetime, '2025-06-05 21:10:00', 120)),
('PRC251', 'Мороженое', NULL, 576, NULL, CONVERT(datetime, '2025-06-05 21:10:00', 120)),
('PRC811', 'Картофель', 'Сельский 2.3 кг', 657, NULL, CONVERT(datetime, '2025-02-28 17:20:00', 120)),
('PRC562', 'Виноград', NULL, 314, NULL, CONVERT(datetime, '2025-12-31 23:59:59', 120)),
('PRC126', 'Мороженое', NULL, 608, NULL, CONVERT(datetime, '2025-02-28 17:20:00', 120)),
('PRC658', 'Картофель', NULL, 496, NULL, CONVERT(datetime, '2024-01-20 23:15:00', 120)),
('PRC248', 'Сок', NULL, 440, NULL, CONVERT(datetime, '2024-04-18 08:00:00', 120)),
('PRC728', 'Картофель', NULL, 543, NULL, CONVERT(datetime, '2025-06-05 21:10:00', 120)),
('PRC436', 'Молоко', NULL, 775, NULL, CONVERT(datetime, '2024-04-18 08:00:00', 120)),
('PRC757', 'Яйцо', NULL, 247, NULL, CONVERT(datetime, '2024-04-18 08:00:00', 120)),
('PRC826', 'Масло', NULL, 696, NULL, CONVERT(datetime, '2025-11-11 03:45:00', 120)),
('PRC503', 'Мороженое', NULL, 440, NULL, CONVERT(datetime, '2023-02-10 09:30:00', 120)),
('PRC224', 'Картофель', NULL, 441, NULL, CONVERT(datetime, '2025-12-31 23:59:59', 120)),
('PRC418', 'Мороженое', NULL, 522, NULL, CONVERT(datetime, '2025-11-11 03:45:00', 120)),
('PRC755', 'Яйцо', NULL, 283, NULL, CONVERT(datetime, '2024-01-20 23:15:00', 120));

insert into zakazi (order_id, customer_id, product_id, quantity, order_dt, amount, status, created_at, updated_at) values
('652BT983', 'CUS741', 'PRC126', 5, '2025-08-15', 322.00, 'NEW', CONVERT(datetime, '2023-10-15 15:00:00', 120), CONVERT(datetime, '2025-02-28 17:20:00', 120)), 
('111BT310', 'CUS868', 'PRC811', 10, '2024-06-30', 58.00, 'NEW', CONVERT(datetime, '2024-09-12 12:30:00', 120), CONVERT(datetime, '2024-04-18 08:00:00', 120)), 
('34BT561', 'CUS997', 'PRC562', 12, '2023-05-22', 201.00, 'NEW', CONVERT(datetime, '2024-04-18 08:00:00', 120), CONVERT(datetime, '2023-02-10 09:30:00', 120)), 
('555BT372', 'CUS495', 'PRC850', 8, '2024-10-05', 438.00, 'NEW', CONVERT(datetime, '2025-11-11 03:45:00', 120), CONVERT(datetime, '2025-02-28 17:20:00', 120)), 
('150BT967', 'CUS298', 'PRC850', 17, '2023-09-08', 880.00, 'NEW', CONVERT(datetime, '2024-04-18 08:00:00', 120), CONVERT(datetime, '2023-07-04 14:45:00', 120)),
('266BT729', 'CUS690', 'PRC436', 6, '2025-03-17', 51.00, 'NEW', CONVERT(datetime, '2024-04-18 08:00:00', 120), CONVERT(datetime, '2023-02-10 09:30:00', 120)),  
('119BT662', 'CUS690', 'PRC450', 11, '2023-01-15', 532.00, 'NEW', CONVERT(datetime, '2023-10-15 15:00:00', 120), CONVERT(datetime, '2025-06-05 21:10:00', 120)),
('828BT272', 'CUS577', 'PRC450', 16, '2025-08-15', 169.00, 'NEW', CONVERT(datetime, '2024-09-12 12:30:00', 120), CONVERT(datetime, '2024-09-12 12:30:00', 120)),
('855BT418', 'CUS885', 'PRC811', 11, '2023-01-15', 481.00, 'NEW', CONVERT(datetime, '2024-09-12 12:30:00', 120), CONVERT(datetime, '2024-09-12 12:30:00', 120)),
('809BT150', 'CUS319', 'PRC450', 1, '2025-08-15', 260.00, 'NEW', CONVERT(datetime, '2023-10-15 15:00:00', 120), CONVERT(datetime, '2025-11-11 03:45:00', 120)), 
('38BT208', 'CUS938', 'PRC970', 20, '2023-05-22', 80.00, 'NEW', CONVERT(datetime, '2023-02-10 09:30:00', 120), CONVERT(datetime, '2023-02-10 09:30:00', 120)),  
('964BT226', 'CUS302', 'PRC251', 10, '2023-01-15', 464.00, 'NEW', CONVERT(datetime, '2025-02-28 17:20:00', 120), CONVERT(datetime, '2024-04-18 08:00:00', 120)),
('197BT636', 'CUS280', 'PRC730', 4, '2025-07-19', 644.00, 'NEW', CONVERT(datetime, '2025-06-05 21:10:00', 120), CONVERT(datetime, '2025-06-05 21:10:00', 120)), 
('362BT532', 'CUS577', 'PRC811', 3, '2025-08-15', 609.00, 'NEW', CONVERT(datetime, '2025-12-31 23:59:59', 120), CONVERT(datetime, '2025-02-28 17:20:00', 120)), 
('176BT971', 'CUS292', 'PRC200', 19, '2024-06-30', 198.00, 'NEW', CONVERT(datetime, '2025-11-11 03:45:00', 120), CONVERT(datetime, '2024-01-20 23:15:00', 120)),
('974BT34', 'CUS820', 'PRC658', 18, '2024-02-14', 885.00, 'NEW', CONVERT(datetime, '2023-07-04 14:45:00', 120), CONVERT(datetime, '2024-04-18 08:00:00', 120)), 
('981BT543', 'CUS577', 'PRC251', 3, '2025-07-19', 393.00, 'NEW', CONVERT(datetime, '2023-07-04 14:45:00', 120), CONVERT(datetime, '2024-01-20 23:15:00', 120)), 
('568BT770', 'CUS659', 'PRC503', 17, '2024-10-05', 863.00, 'NEW', CONVERT(datetime, '2025-12-31 23:59:59', 120), CONVERT(datetime, '2024-09-12 12:30:00', 120)),
('136BT514', 'CUS820', 'PRC811', 12, '2025-07-19', 577.00, 'NEW', CONVERT(datetime, '2025-11-11 03:45:00', 120), CONVERT(datetime, '2024-09-12 12:30:00', 120)),
('130BT905', 'CUS106', 'PRC224', 3, '2025-12-25', 620.00, 'NEW', CONVERT(datetime, '2025-06-05 21:10:00', 120), CONVERT(datetime, '2024-04-18 08:00:00', 120)), 
('783BT755', 'CUS820', 'PRC450', 9, '2025-07-19', 996.00, 'NEW', CONVERT(datetime, '2024-04-18 08:00:00', 120), CONVERT(datetime, '2025-12-31 23:59:59', 120)), 
('938BT529', 'CUS782', 'PRC811', 9, '2024-10-05', 790.00, 'NEW', CONVERT(datetime, '2025-11-11 03:45:00', 120), CONVERT(datetime, '2025-06-05 21:10:00', 120)), 
('580BT513', 'CUS959', 'PRC757', 10, '2023-05-22', 536.00, 'NEW', CONVERT(datetime, '2025-02-28 17:20:00', 120), CONVERT(datetime, '2025-06-05 21:10:00', 120)),
('729BT715', 'CUS520', 'PRC224', 9, '2025-07-19', 562.00, 'NEW', CONVERT(datetime, '2023-07-04 14:45:00', 120), CONVERT(datetime, '2025-12-31 23:59:59', 120)), 
('448BT684', 'CUS373', 'PRC436', 3, '2024-02-14', 187.00, 'NEW', CONVERT(datetime, '2023-02-10 09:30:00', 120), CONVERT(datetime, '2023-10-15 15:00:00', 120)), 
('894BT448', 'CUS231', 'PRC450', 13, '2023-01-15', 373.00, 'NEW', CONVERT(datetime, '2025-02-28 17:20:00', 120), CONVERT(datetime, '2025-06-05 21:10:00', 120)),
('436BT811', 'CUS690', 'PRC248', 7, '2025-07-19', 343.00, 'NEW', CONVERT(datetime, '2024-04-18 08:00:00', 120), CONVERT(datetime, '2024-04-18 08:00:00', 120)), 
('232BT964', 'CUS868', 'PRC503', 12, '2024-06-30', 76.00, 'NEW', CONVERT(datetime, '2025-06-05 21:10:00', 120), CONVERT(datetime, '2025-12-31 23:59:59', 120)), 
('250BT57', 'CUS650', 'PRC728', 1, '2025-08-15', 715.00, 'NEW', CONVERT(datetime, '2023-07-04 14:45:00', 120), CONVERT(datetime, '2024-04-18 08:00:00', 120)),  
('788BT823', 'CUS114', 'PRC562', 3, '2024-02-14', 782.00, 'NEW', CONVERT(datetime, '2023-10-15 15:00:00', 120), CONVERT(datetime, '2024-09-12 12:30:00', 120)), 
('578BT583', 'CUS302', 'PRC503', 13, '2023-01-15', 954.00, 'NEW', CONVERT(datetime, '2024-01-20 23:15:00', 120), CONVERT(datetime, '2024-04-18 08:00:00', 120)),
('730BT868', 'CUS302', 'PRC436', 2, '2025-12-25', 263.00, 'NEW', CONVERT(datetime, '2024-09-12 12:30:00', 120), CONVERT(datetime, '2024-01-20 23:15:00', 120)), 
('584BT453', 'CUS373', 'PRC728', 11, '2025-08-15', 751.00, 'NEW', CONVERT(datetime, '2023-10-15 15:00:00', 120), CONVERT(datetime, '2024-09-12 12:30:00', 120)),
('315BT538', 'CUS312', 'PRC730', 10, '2023-09-08', 912.00, 'NEW', CONVERT(datetime, '2025-02-28 17:20:00', 120), CONVERT(datetime, '2025-11-11 03:45:00', 120)),
('931BT297', 'CUS845', 'PRC728', 1, '2025-07-19', 62.00, 'NEW', CONVERT(datetime, '2025-11-11 03:45:00', 120), CONVERT(datetime, '2025-11-11 03:45:00', 120)),  
('549BT51', 'CUS869', 'PRC757', 5, '2023-05-22', 412.00, 'NEW', CONVERT(datetime, '2024-09-12 12:30:00', 120), CONVERT(datetime, '2025-12-31 23:59:59', 120)),  
('658BT606', 'CUS104', 'PRC503', 16, '2023-05-22', 615.00, 'NEW', CONVERT(datetime, '2024-01-20 23:15:00', 120), CONVERT(datetime, '2025-02-28 17:20:00', 120)),
('944BT435', 'CUS741', 'PRC126', 7, '2024-06-30', 129.00, 'NEW', CONVERT(datetime, '2024-04-18 08:00:00', 120), CONVERT(datetime, '2025-11-11 03:45:00', 120)), 
('863BT885', 'CUS114', 'PRC248', 10, '2023-01-15', 631.00, 'NEW', CONVERT(datetime, '2023-07-04 14:45:00', 120), CONVERT(datetime, '2023-07-04 14:45:00', 120)),
('859BT554', 'CUS659', 'PRC850', 7, '2025-12-25', 363.00, 'NEW', CONVERT(datetime, '2024-01-20 23:15:00', 120), CONVERT(datetime, '2023-10-15 15:00:00', 120)), 
('971BT906', 'CUS748', 'PRC850', 20, '2025-03-17', 920.00, 'NEW', CONVERT(datetime, '2024-04-18 08:00:00', 120), CONVERT(datetime, '2025-02-28 17:20:00', 120)),
('511BT890', 'CUS741', 'PRC503', 16, '2023-09-08', 413.00, 'NEW', CONVERT(datetime, '2025-06-05 21:10:00', 120), CONVERT(datetime, '2024-09-12 12:30:00', 120)),
('182BT568', 'CUS748', 'PRC970', 1, '2025-03-17', 751.00, 'NEW', CONVERT(datetime, '2024-01-20 23:15:00', 120), CONVERT(datetime, '2023-10-15 15:00:00', 120)), 
('347BT346', 'CUS577', 'PRC248', 10, '2025-07-19', 610.00, 'NEW', CONVERT(datetime, '2024-01-20 23:15:00', 120), CONVERT(datetime, '2025-02-28 17:20:00', 120)),
('745BT984', 'CUS920', 'PRC826', 1, '2025-12-25', 151.00, 'NEW', CONVERT(datetime, '2025-12-31 23:59:59', 120), CONVERT(datetime, '2024-09-12 12:30:00', 120)), 
('445BT122', 'CUS855', 'PRC826', 12, '2025-08-15', 662.00, 'NEW', CONVERT(datetime, '2025-11-11 03:45:00', 120), CONVERT(datetime, '2025-06-05 21:10:00', 120)),
('399BT131', 'CUS920', 'PRC658', 2, '2025-03-17', 339.00, 'NEW', CONVERT(datetime, '2025-06-05 21:10:00', 120), CONVERT(datetime, '2025-06-05 21:10:00', 120)), 
('171BT688', 'CUS591', 'PRC730', 5, '2024-10-05', 744.00, 'NEW', CONVERT(datetime, '2024-09-12 12:30:00', 120), CONVERT(datetime, '2025-02-28 17:20:00', 120)), 
('689BT819', 'CUS748', 'PRC811', 20, '2023-05-22', 734.00, 'NEW', CONVERT(datetime, '2025-11-11 03:45:00', 120), CONVERT(datetime, '2023-07-04 14:45:00', 120)),
('434BT928', 'CUS691', 'PRC503', 12, '2024-02-14', 729.00, 'NEW', CONVERT(datetime, '2025-02-28 17:20:00', 120), CONVERT(datetime, '2024-01-20 23:15:00', 120)),
('536BT587', 'CUS868', 'PRC755', 10, '2023-05-22', 834.00, 'NEW', CONVERT(datetime, '2024-01-20 23:15:00', 120), CONVERT(datetime, '2023-07-04 14:45:00', 120)),
('958BT141', 'CUS312', 'PRC251', 2, '2023-05-22', 161.00, 'NEW', CONVERT(datetime, '2025-02-28 17:20:00', 120), CONVERT(datetime, '2024-04-18 08:00:00', 120)), 
('433BT638', 'CUS650', 'PRC418', 3, '2025-03-17', 635.00, 'NEW', CONVERT(datetime, '2023-02-10 09:30:00', 120), CONVERT(datetime, '2025-06-05 21:10:00', 120)), 
('414BT813', 'CUS690', 'PRC757', 3, '2025-12-25', 304.00, 'NEW', CONVERT(datetime, '2025-12-31 23:59:59', 120), CONVERT(datetime, '2024-01-20 23:15:00', 120)), 
('977BT543', 'CUS691', 'PRC730', 18, '2023-01-15', 899.00, 'NEW', CONVERT(datetime, '2025-12-31 23:59:59', 120), CONVERT(datetime, '2023-07-04 14:45:00', 120)),
('362BT443', 'CUS820', 'PRC826', 8, '2025-03-17', 788.00, 'NEW', CONVERT(datetime, '2023-10-15 15:00:00', 120), CONVERT(datetime, '2023-07-04 14:45:00', 120)), 
('820BT875', 'CUS591', 'PRC200', 6, '2025-07-19', 539.00, 'NEW', CONVERT(datetime, '2025-02-28 17:20:00', 120), CONVERT(datetime, '2024-01-20 23:15:00', 120)), 
('902BT324', 'CUS845', 'PRC418', 20, '2025-03-17', 249.00, 'NEW', CONVERT(datetime, '2023-02-10 09:30:00', 120), CONVERT(datetime, '2025-02-28 17:20:00', 120)),
('551BT501', 'CUS741', 'PRC251', 12, '2025-12-25', 603.00, 'NEW', CONVERT(datetime, '2025-02-28 17:20:00', 120), CONVERT(datetime, '2025-12-31 23:59:59', 120)),
('635BT707', 'CUS636', 'PRC450', 13, '2023-01-15', 952.00, 'NEW', CONVERT(datetime, '2025-11-11 03:45:00', 120), CONVERT(datetime, '2023-02-10 09:30:00', 120)),
('384BT520', 'CUS172', 'PRC126', 16, '2023-09-08', 541.00, 'NEW', CONVERT(datetime, '2025-12-31 23:59:59', 120), CONVERT(datetime, '2024-01-20 23:15:00', 120)),
('799BT159', 'CUS920', 'PRC436', 11, '2025-12-25', 309.00, 'NEW', CONVERT(datetime, '2025-02-28 17:20:00', 120), CONVERT(datetime, '2025-06-05 21:10:00', 120)),
('873BT168', 'CUS577', 'PRC224', 8, '2024-02-14', 492.00, 'NEW', CONVERT(datetime, '2025-11-11 03:45:00', 120), CONVERT(datetime, '2025-06-05 21:10:00', 120)), 
('359BT766', 'CUS742', 'PRC562', 7, '2025-12-25', 741.00, 'NEW', CONVERT(datetime, '2024-01-20 23:15:00', 120), CONVERT(datetime, '2025-02-28 17:20:00', 120)), 
('261BT689', 'CUS747', 'PRC826', 18, '2025-07-19', 252.00, 'NEW', CONVERT(datetime, '2023-10-15 15:00:00', 120), CONVERT(datetime, '2025-06-05 21:10:00', 120)),
('783BT925', 'CUS292', 'PRC755', 6, '2024-06-30', 376.00, 'NEW', CONVERT(datetime, '2023-07-04 14:45:00', 120), CONVERT(datetime, '2025-02-28 17:20:00', 120)), 
('237BT795', 'CUS289', 'PRC251', 18, '2025-03-17', 885.00, 'NEW', CONVERT(datetime, '2025-12-31 23:59:59', 120), CONVERT(datetime, '2024-01-20 23:15:00', 120)),
('936BT518', 'CUS742', 'PRC970', 7, '2025-12-25', 262.00, 'NEW', CONVERT(datetime, '2023-07-04 14:45:00', 120), CONVERT(datetime, '2023-10-15 15:00:00', 120)), 
('673BT856', 'CUS691', 'PRC730', 3, '2023-01-15', 765.00, 'NEW', CONVERT(datetime, '2023-07-04 14:45:00', 120), CONVERT(datetime, '2024-09-12 12:30:00', 120)), 
('842BT173', 'CUS997', 'PRC418', 17, '2024-10-05', 523.00, 'NEW', CONVERT(datetime, '2024-09-12 12:30:00', 120), CONVERT(datetime, '2023-07-04 14:45:00', 120)),
('46BT606', 'CUS495', 'PRC850', 20, '2025-08-15', 627.00, 'NEW', CONVERT(datetime, '2023-07-04 14:45:00', 120), CONVERT(datetime, '2025-02-28 17:20:00', 120)), 
('533BT244', 'CUS845', 'PRC850', 1, '2024-02-14', 885.00, 'NEW', CONVERT(datetime, '2024-09-12 12:30:00', 120), CONVERT(datetime, '2023-07-04 14:45:00', 120)), 
('971BT843', 'CUS782', 'PRC248', 18, '2024-10-05', 430.00, 'NEW', CONVERT(datetime, '2023-02-10 09:30:00', 120), CONVERT(datetime, '2025-11-11 03:45:00', 120)),
('494BT660', 'CUS938', 'PRC436', 13, '2025-08-15', 687.00, 'NEW', CONVERT(datetime, '2025-06-05 21:10:00', 120), CONVERT(datetime, '2024-09-12 12:30:00', 120)),
('86BT397', 'CUS336', 'PRC757', 1, '2025-08-15', 500.00, 'NEW', CONVERT(datetime, '2024-09-12 12:30:00', 120), CONVERT(datetime, '2025-12-31 23:59:59', 120)),  
('694BT944', 'CUS119', 'PRC850', 1, '2025-07-19', 316.00, 'NEW', CONVERT(datetime, '2023-10-15 15:00:00', 120), CONVERT(datetime, '2025-06-05 21:10:00', 120)), 
('887BT525', 'CUS314', 'PRC436', 2, '2023-01-15', 485.00, 'NEW', CONVERT(datetime, '2024-01-20 23:15:00', 120), CONVERT(datetime, '2025-11-11 03:45:00', 120)), 
('316BT81', 'CUS520', 'PRC658', 19, '2024-02-14', 150.00, 'NEW', CONVERT(datetime, '2025-02-28 17:20:00', 120), CONVERT(datetime, '2023-07-04 14:45:00', 120)), 
('720BT365', 'CUS720', 'PRC982', 4, '2025-08-15', 609.00, 'NEW', CONVERT(datetime, '2024-01-20 23:15:00', 120), CONVERT(datetime, '2023-10-15 15:00:00', 120)), 
('988BT854', 'CUS193', 'PRC200', 8, '2024-06-30', 227.00, 'NEW', CONVERT(datetime, '2025-02-28 17:20:00', 120), CONVERT(datetime, '2024-01-20 23:15:00', 120)), 
('831BT111', 'CUS312', 'PRC200', 17, '2025-08-15', 651.00, 'NEW', CONVERT(datetime, '2025-06-05 21:10:00', 120), CONVERT(datetime, '2024-09-12 12:30:00', 120)),
('446BT22', 'CUS591', 'PRC757', 15, '2023-09-08', 427.00, 'NEW', CONVERT(datetime, '2024-09-12 12:30:00', 120), CONVERT(datetime, '2023-10-15 15:00:00', 120)), 
('107BT684', 'CUS592', 'PRC200', 17, '2023-05-22', 867.00, 'NEW', CONVERT(datetime, '2025-11-11 03:45:00', 120), CONVERT(datetime, '2025-06-05 21:10:00', 120)),
('91BT489', 'CUS636', 'PRC755', 20, '2023-05-22', 566.00, 'NEW', CONVERT(datetime, '2025-12-31 23:59:59', 120), CONVERT(datetime, '2025-12-31 23:59:59', 120)), 
('126BT721', 'CUS687', 'PRC730', 20, '2025-03-17', 376.00, 'NEW', CONVERT(datetime, '2025-06-05 21:10:00', 120), CONVERT(datetime, '2025-12-31 23:59:59', 120)),
('852BT516', 'CUS659', 'PRC811', 13, '2025-12-25', 289.00, 'NEW', CONVERT(datetime, '2023-07-04 14:45:00', 120), CONVERT(datetime, '2023-10-15 15:00:00', 120)),
('142BT814', 'CUS231', 'PRC251', 18, '2023-01-15', 590.00, 'NEW', CONVERT(datetime, '2024-04-18 08:00:00', 120), CONVERT(datetime, '2023-02-10 09:30:00', 120)),
('982BT788', 'CUS592', 'PRC126', 12, '2025-07-19', 536.00, 'NEW', CONVERT(datetime, '2025-02-28 17:20:00', 120), CONVERT(datetime, '2023-10-15 15:00:00', 120)),
('340BT375', 'CUS302', 'PRC658', 15, '2025-07-19', 929.00, 'NEW', CONVERT(datetime, '2025-02-28 17:20:00', 120), CONVERT(datetime, '2025-02-28 17:20:00', 120)),
('521BT506', 'CUS280', 'PRC251', 17, '2025-07-19', 777.00, 'NEW', CONVERT(datetime, '2025-12-31 23:59:59', 120), CONVERT(datetime, '2023-07-04 14:45:00', 120)),
('135BT626', 'CUS650', 'PRC126', 17, '2023-05-22', 944.00, 'NEW', CONVERT(datetime, '2025-11-11 03:45:00', 120), CONVERT(datetime, '2024-09-12 12:30:00', 120)),
('321BT128', 'CUS742', 'PRC728', 16, '2025-07-19', 540.00, 'NEW', CONVERT(datetime, '2025-12-31 23:59:59', 120), CONVERT(datetime, '2023-02-10 09:30:00', 120)),
('345BT227', 'CUS292', 'PRC503', 4, '2024-06-30', 753.00, 'NEW', CONVERT(datetime, '2023-02-10 09:30:00', 120), CONVERT(datetime, '2024-04-18 08:00:00', 120)), 
('528BT848', 'CUS659', 'PRC418', 20, '2025-07-19', 532.00, 'NEW', CONVERT(datetime, '2024-09-12 12:30:00', 120), CONVERT(datetime, '2023-07-04 14:45:00', 120)),
('363BT399', 'CUS193', 'PRC418', 12, '2024-06-30', 684.00, 'NEW', CONVERT(datetime, '2023-02-10 09:30:00', 120), CONVERT(datetime, '2025-02-28 17:20:00', 120)),
('576BT196', 'CUS319', 'PRC224', 18, '2025-07-19', 722.00, 'NEW', CONVERT(datetime, '2024-09-12 12:30:00', 120), CONVERT(datetime, '2023-10-15 15:00:00', 120)),
('545BT312', 'CUS302', 'PRC730', 16, '2023-05-22', 836.00, 'NEW', CONVERT(datetime, '2024-01-20 23:15:00', 120), CONVERT(datetime, '2024-01-20 23:15:00', 120)),
('244BT692', 'CUS289', 'PRC658', 19, '2025-03-17', 837.00, 'NEW', CONVERT(datetime, '2025-02-28 17:20:00', 120), CONVERT(datetime, '2025-11-11 03:45:00', 120)),
('266BT978', 'CUS155', 'PRC811', 7, '2024-06-30', 477.00, 'NEW', CONVERT(datetime, '2024-01-20 23:15:00', 120), CONVERT(datetime, '2025-12-31 23:59:59', 120)), 
('751BT785', 'CUS636', 'PRC811', 4, '2024-10-05', 561.00, 'NEW', CONVERT(datetime, '2025-02-28 17:20:00', 120), CONVERT(datetime, '2025-02-28 17:20:00', 120));